{
    "type": "MOD",
    "name": "action_queues",
    "title": "action queues",
    "license": "LGPL-3.0-or-later",
    "media_license": "CC-BY-SA-4.0",
    "repo": "https://github.com/fluxionary/minetest-action_queues.git",
    "website": "https://github.com/fluxionary/minetest-action_queues",
    "issue_tracker": "https://github.com/fluxionary/minetest-action_queues/issues",
    "short_description": "provides an API for queuing things for batch processing w/ various ways to specify the batch \"size\"."
}
